create table Medicine (
	id INT,
	name VARCHAR(350),
	descriptiom VARCHAR(200),
	price DECIMAL(5,2),

		CONSTRAINT PK_IDM PRIMARY KEY (id)

);
insert into Medicine (id, name, descriptiom, price) values (1, 'Diphenhydramine Hydrochloride', 'Displ seg fx shaft of humer, unsp arm, 7thD', 20.11);
insert into Medicine (id, name, descriptiom, price) values (2, 'Acetaminophen', 'Sltr-haris Type III physeal fx upper end of right tibia', 90.89);
insert into Medicine (id, name, descriptiom, price) values (3, 'Lamotrigine', 'Oth osteopor w crnt path fx, verteb, 7thD', 76.79);
insert into Medicine (id, name, descriptiom, price) values (4, 'Clonidine Hydrochloride', 'Unspecified child maltreatment, confirmed, initial encounter', 36.29);
insert into Medicine (id, name, descriptiom, price) values (5, 'Clarithromycin', 'Laceration without foreign body of anus, subs encntr', 56.48);
insert into Medicine (id, name, descriptiom, price) values (6, 'CEFEPIME HYDROCHLORIDE', 'Ped on foot injured in clsn w rail trn/veh, unsp, sequela', 15.43);
insert into Medicine (id, name, descriptiom, price) values (7, 'LISINOPRIL AND HYDROCHLOROTHIAZIDE', 'Fracture of unspecified metatarsal bone(s)', 57.71);
insert into Medicine (id, name, descriptiom, price) values (8, 'Octinoxate and Titanium Dioxide', 'Crushing injury of left ring finger', 94.89);
insert into Medicine (id, name, descriptiom, price) values (9, 'Paroxetine', 'Other infective spondylopathies, lumbosacral region', 18.06);
insert into Medicine (id, name, descriptiom, price) values (10, 'furosemide', 'Oth acquired deformities of unspecified upper arm', 26.79);
insert into Medicine (id, name, descriptiom, price) values (11, 'Rough Pigweed Redroot', 'Pressure ulcer of unspecified ankle, unspecified stage', 62.52);
insert into Medicine (id, name, descriptiom, price) values (12, 'acyclovir', 'Retained (old) magnetic fb in posterior wall of globe, bi', 58.15);
insert into Medicine (id, name, descriptiom, price) values (13, 'Duloxetine Hydrochloride', 'Mult fx of pelv w stable disrupt of pelv ring, 7thB', 65.99);
insert into Medicine (id, name, descriptiom, price) values (14, 'Ibuprofen', 'Crepitant synovitis (acute) (chronic), left wrist', 64.87);
insert into Medicine (id, name, descriptiom, price) values (15, 'OCTINOXATE, TITANIUM DIOXIDE', 'Driver of hv veh injured in nonclsn trnsp accident nontraf', 13.79);
insert into Medicine (id, name, descriptiom, price) values (16, 'silodosin', 'Recurrent erosion of cornea', 85.86);
insert into Medicine (id, name, descriptiom, price) values (17, 'LABETALOL HYDROCHLORIDE', 'Nondisp seg fx shaft of l fibula, 7thD', 57.5);
insert into Medicine (id, name, descriptiom, price) values (18, 'Octinoxate, Octisalate', 'Pathological fracture in other disease, right tibia', 63.53);
insert into Medicine (id, name, descriptiom, price) values (19, 'amoxicillin and clavulanate potassium', 'Oth disp fx of base of 1st MC bone, l hand, 7thG', 61.21);
insert into Medicine (id, name, descriptiom, price) values (20, 'TITANIUM DIOXIDE', 'Poisoning by oth antieplptc and sed-hypntc drugs, undet', 50.26);
insert into Medicine (id, name, descriptiom, price) values (21, 'Amantadine hydrochloride', 'Oth physeal fx upper end of r tibia, subs for fx w malunion', 59.29);
insert into Medicine (id, name, descriptiom, price) values (22, 'Cefadroxil', 'External constriction, right hip', 46.06);
insert into Medicine (id, name, descriptiom, price) values (23, 'Ammonium carbonicum, Antimonium arsenicicum, Antimonium tartaricum, Arsenicum album, Bromium, Carbo vegetabilis, Chlorinum, Kali carbonicum, Lobelia inflata, Stannum metallicum, Sulphuricum acidum', 'Primary focal hyperhidrosis, soles', 13.67);
insert into Medicine (id, name, descriptiom, price) values (24, 'SALICYLIC ACID', 'Other superficial bite of left knee, subsequent encounter', 29.88);
insert into Medicine (id, name, descriptiom, price) values (25, 'Chlorpheniramine maleate, Pseudoephedrine', 'Pnctr w/o fb of unsp lesser toe(s) w damage to nail, subs', 77.17);
insert into Medicine (id, name, descriptiom, price) values (26, 'LIDOCAINE HYDROCHLORIDE', 'Mech compl of int fix of bone of right forearm, subs', 95.49);
insert into Medicine (id, name, descriptiom, price) values (27, 'salmeterol xinafoate', 'Poisoning by anticholinesterase agents, self-harm', 52.87);
insert into Medicine (id, name, descriptiom, price) values (28, 'levonorgestrel and ethinyl estradiol', 'Other shoulder lesions, unspecified shoulder', 66.7);
insert into Medicine (id, name, descriptiom, price) values (29, 'Alcohol', 'Nondisp fx of trapezium, r wrist, subs for fx w delay heal', 21.7);
insert into Medicine (id, name, descriptiom, price) values (30, 'Atorvastatin Calcium', 'Other in-line roller-skate accident, subsequent encounter', 14.75);
insert into Medicine (id, name, descriptiom, price) values (31, 'OCTINOXATE and TITANIUM DIOXIDE', 'Unspecified injury of portal vein, initial encounter', 99.03);
insert into Medicine (id, name, descriptiom, price) values (32, 'Nicotine Polacrilex', 'Malignant neoplasm of lip, unspecified', 28.39);
insert into Medicine (id, name, descriptiom, price) values (33, 'Triclosan', 'Underdosing of drugs affecting uric acid metabolism, init', 40.73);
insert into Medicine (id, name, descriptiom, price) values (34, 'Lisinopril', 'Dislocation of MTP joint of unsp lesser toe(s)', 84.12);
insert into Medicine (id, name, descriptiom, price) values (35, 'Calendula officinalis, Nux vomica, Silicea,', 'Poisn by unsp agents prim act on the resp sys, slf-hrm, subs', 44.35);
insert into Medicine (id, name, descriptiom, price) values (36, 'Bisacodyl', 'Disp fx of lesser tuberosity of unspecified humerus, sequela', 10.03);
insert into Medicine (id, name, descriptiom, price) values (37, 'Oxymetazoline Hydrochloride', 'Minor laceration of right external jugular vein', 58.43);
insert into Medicine (id, name, descriptiom, price) values (38, 'Erythromycin Ethylsuccinate', 'Poisoning by oth estrogens and progstrn, undet, sequela', 48.98);
insert into Medicine (id, name, descriptiom, price) values (39, 'Menthol', 'Other injury of heart without hemopericardium', 69.93);
insert into Medicine (id, name, descriptiom, price) values (40, 'rosiglitazone maleate and metformin hydrochloride', 'Unsp pedl cyclst injured in collision w rail trn/veh nontraf', 35.1);
insert into Medicine (id, name, descriptiom, price) values (41, 'Elaps corallinus, Arg. nit., Bryonia, Calc. carb., Colocynthis, Convallaria, Crotalus horridus, Cuprum met., Digitalis, Gelsemium, Hypericum, Kali carb., Lachesis, Lathyrus sativus, Lilium, Mag. phos., Nux vom., Rhus toxicodendron, Silicea, Stramonium, Veratrum viride, Echinacea', 'Wedge compression fracture of unsp lumbar vertebra, init', 22.11);
insert into Medicine (id, name, descriptiom, price) values (42, 'Hydrocodone Bitartrate and Acetaminophen', 'Oth congenital malform of spine, not associated w scoliosis', 62.68);
insert into Medicine (id, name, descriptiom, price) values (43, 'Doxepin Hydrochloride', 'Keratomalacia, right eye', 89.8);
insert into Medicine (id, name, descriptiom, price) values (44, 'Ibuprofen', 'Strain of unsp musc/fasc/tend at forearm level, left arm', 32.61);
insert into Medicine (id, name, descriptiom, price) values (45, 'benzonatate', 'Interstitial pulmonary disease, unspecified', 56.74);
insert into Medicine (id, name, descriptiom, price) values (46, 'Isopropyl Alcohol', 'Follicular lymphoma, unsp, nodes of axilla and upper limb', 36.18);
insert into Medicine (id, name, descriptiom, price) values (47, 'OCTINOXATE and OCTOCRYLENE', 'Toxic eff of cntct w oth venom marine animals, undet, sqla', 79.06);
insert into Medicine (id, name, descriptiom, price) values (48, 'Albuterol Sulfate', 'Longitudinal reduction defect of unspecified fibula', 89.14);
insert into Medicine (id, name, descriptiom, price) values (49, 'Diphenhydramine HCl', 'Poisoning by predom beta-adrenocpt agonists, assault, init', 13.22);
insert into Medicine (id, name, descriptiom, price) values (50, 'Hydrochlorothiazide', 'Frostbite with tissue necrosis of finger(s)', 17.63);
insert into Medicine (id, name, descriptiom, price) values (51, 'nitroglycerin', 'Disp fx of lateral condyle of l humer, 7thP', 12.48);
insert into Medicine (id, name, descriptiom, price) values (52, 'MENTHOL, METHYL SALICYLATE', 'Other specified arthritis, left ankle and foot', 23.03);
insert into Medicine (id, name, descriptiom, price) values (53, 'INDOMETHACIN', 'Assault by airgun discharge, sequela', 31.73);
insert into Medicine (id, name, descriptiom, price) values (54, 'Luffa, Hydrastis Canadensis, Mercurius Sulph. Rub, Allium Cepa, Natrum Muriticum, Phosphorus, Eupatorium Perf, Sticta', 'Displ oblique fx shaft of l rad, 7thG', 37.31);
insert into Medicine (id, name, descriptiom, price) values (55, 'pioglitazone', 'Hypotony of left eye due to ocular fistula', 71.43);
insert into Medicine (id, name, descriptiom, price) values (56, 'hydroxyzine pamoate', 'Other disorders of bone development and growth, left femur', 94.16);
insert into Medicine (id, name, descriptiom, price) values (57, 'Lithium Carbonate', 'Laceration with foreign body of left hand', 42.94);
insert into Medicine (id, name, descriptiom, price) values (58, 'BROMPHENIRAMINE MALEATE, DEXTROMETHORPHAN HYDROBROMIDE, PHENYLEPHRINE HYDROCHLORIDE', 'Other specified injuries unspecified forearm, init encntr', 32.6);
insert into Medicine (id, name, descriptiom, price) values (59, 'ALUMINUM HYDROXIDE, MAGNESIUM HYDROXIDE', 'Nasopharyngeal myiasis', 59.01);
insert into Medicine (id, name, descriptiom, price) values (60, 'OXYGEN', 'Rupture of synovium, unspecified hand', 32.14);
insert into Medicine (id, name, descriptiom, price) values (61, 'Vandetanib', 'Antepartum hemorrhage with afibrinogenemia', 54.92);
insert into Medicine (id, name, descriptiom, price) values (62, 'Atenolol', 'Unsp fx shaft of left ulna, subs for clos fx w malunion', 98.56);
insert into Medicine (id, name, descriptiom, price) values (63, 'Cytarabine', 'Airgun discharge, undetermined intent', 76.59);
insert into Medicine (id, name, descriptiom, price) values (64, 'cefepime hydrochloride', 'Toxic effect of phenol and phenol homologues, undet, sequela', 50.25);
insert into Medicine (id, name, descriptiom, price) values (65, 'Dextromethorphan Hydrobromide, GUAIFENESIN', 'Nondisp subtrochnt fx unsp femr, 7thH', 58.47);
insert into Medicine (id, name, descriptiom, price) values (66, 'Triclosan', 'Burn of unspecified degree of upper back, initial encounter', 11.61);
insert into Medicine (id, name, descriptiom, price) values (67, 'ENALAPRIL MALEATE', 'Penetrating wound w foreign body of right eyeball, subs', 69.04);
insert into Medicine (id, name, descriptiom, price) values (68, 'witch hazel', 'Acute emblsm and thombos unsp deep veins of prox low extrm', 73.61);
insert into Medicine (id, name, descriptiom, price) values (69, 'Aluminum hydroxide, Magnesium hydroxide, Simethicone', 'Toxic effect of detergents, accidental (unintentional), init', 82.22);
insert into Medicine (id, name, descriptiom, price) values (70, 'PANAX GINSENG FRUIT', 'Displ commnt fx shaft of rad, unsp arm, 7thM', 12.46);
insert into Medicine (id, name, descriptiom, price) values (71, 'Treatment Set TS347250', 'Spinal enthesopathy, thoracolumbar region', 23.2);
insert into Medicine (id, name, descriptiom, price) values (72, 'amlodipine besylate and atorvastatin calcium', 'Subluxation of MTP joint of left lesser toe(s), init', 23.7);
insert into Medicine (id, name, descriptiom, price) values (73, 'Fluoride', 'Basal cell carcinoma of skin of scalp and neck', 48.19);
insert into Medicine (id, name, descriptiom, price) values (74, 'Pyrithione Zinc', 'Unsp inj extn musc/fasc/tend r little finger at forarm lv', 74.93);
insert into Medicine (id, name, descriptiom, price) values (75, 'Paroxetine Hydrochloride', 'Contusion of abdominal wall, sequela', 39.75);
insert into Medicine (id, name, descriptiom, price) values (76, 'Dexamethasone', 'Other nervous system involvement in Chagas'' disease', 68.18);
insert into Medicine (id, name, descriptiom, price) values (77, 'Sodium Fluoride and Hydrofluoric Acid', 'Benign neoplasm of other specified female genital organs', 26.64);
insert into Medicine (id, name, descriptiom, price) values (78, 'carbidopa', 'Disp fx of dist phalanx of r less toe(s), init for opn fx', 63.98);
insert into Medicine (id, name, descriptiom, price) values (79, 'Triamcinolone Acetonide', 'Displ commnt fx shaft of ulna, l arm, 7thJ', 85.31);
insert into Medicine (id, name, descriptiom, price) values (80, 'Nifedipine', 'Abrasion of wrist', 18.02);
insert into Medicine (id, name, descriptiom, price) values (81, 'bromus inermis pollen', 'Other interstitial and deep keratitis, bilateral', 53.38);
insert into Medicine (id, name, descriptiom, price) values (82, 'Titanium Dioxide and Zinc Oxide', 'Unsp physl fx lower end of r fibula, subs for fx w nonunion', 61.99);
insert into Medicine (id, name, descriptiom, price) values (83, 'Acetaminophen, Dextromethorphan HBr, Guaifenesin, Phenylephrine HCl', 'Inj flexor musc/fasc/tend finger at wrs/hnd lv, sequela', 99.43);
insert into Medicine (id, name, descriptiom, price) values (84, 'Lithium Carbonate', 'Toxic effect of seafood, accidental (unintentional), init', 74.25);
insert into Medicine (id, name, descriptiom, price) values (85, 'ALCOHOL', 'Malignant neoplasm of lip, unspecified, inner aspect', 56.87);
insert into Medicine (id, name, descriptiom, price) values (86, 'CAMPHOR, MENTHOL', 'Animal-rider injured in collision with pedal cycle, sequela', 76.39);
insert into Medicine (id, name, descriptiom, price) values (87, 'ETHYL ALCOHOL', 'Toxic effect of hydrogen cyanide, assault, subs encntr', 97.22);
insert into Medicine (id, name, descriptiom, price) values (88, 'OCTINOXATE, Titanium Dioxide, AVOBENZONE, OCTISALATE, Octocrylene', 'Renovascular hypertension', 24.15);
insert into Medicine (id, name, descriptiom, price) values (89, 'TITANIUM DIOXIDE, ZINC OXIDE', 'Lacerat unsp blood vess at hip and thi lev, unsp leg, init', 66.59);
insert into Medicine (id, name, descriptiom, price) values (90, 'Nifedipine', 'Legal intervention involving unspecified explosives', 15.36);
insert into Medicine (id, name, descriptiom, price) values (91, 'Valproic Acid', 'Family history of other specified conditions', 75.36);
insert into Medicine (id, name, descriptiom, price) values (92, 'Sennosides A and B', 'Histoplasmosis duboisii', 64.95);
insert into Medicine (id, name, descriptiom, price) values (93, 'octinoxate, octisalate', 'Abrasion of anus, sequela', 19.72);
insert into Medicine (id, name, descriptiom, price) values (94, 'Sodium Chloride, Sodium Lactate, Potassium Chloride, and Calcium Chloride', 'Other diseases of digestive system', 66.21);
insert into Medicine (id, name, descriptiom, price) values (95, 'Famotidine, Calcium Carbonate,Magnesium Hydroxide', 'Unsp car occ injured in clsn w pedl cyc nontraf, sequela', 81.88);
insert into Medicine (id, name, descriptiom, price) values (96, 'Cladosporium fulvum', 'Injury of radial nerve at wrist and hand level of right arm', 56.84);
insert into Medicine (id, name, descriptiom, price) values (97, 'Fremont Cottonwood', 'Laceration without foreign body, left knee, init encntr', 37.91);
insert into Medicine (id, name, descriptiom, price) values (98, 'Hydroxychloroquine Sulfate', 'Coma scale, best verbal response, inappropriate words, EMR', 14.6);
insert into Medicine (id, name, descriptiom, price) values (99, 'PULLULARIA PULLULANS', 'Other sprain of right index finger, initial encounter', 45.77);
insert into Medicine (id, name, descriptiom, price) values (100, 'Sodium fluoride', 'Preterm labor third tri w preterm del third tri, fetus 4', 44.32);

create table Category (
	id INT,
	name VARCHAR(350),
	description VARCHAR(200),

	CONSTRAINT PK_ID PRIMARY KEY (id)
);
insert into Category (id, name, description) values (1, 'Instant Hand Sanitizer With Shea Butter Beads', '80-89% bdy brn/20-29% 3d');
insert into Category (id, name, description) values (2, 'Johnson Grass Smut', 'Open wnd ear drum-compl');
insert into Category (id, name, description) values (3, 'Amoxicillin and Clavulanate Potassium', 'Hypercarotinemia');
insert into Category (id, name, description) values (4, 'Povidone-Iodine Prep Pad', 'Opioid/other dep-unspec');
insert into Category (id, name, description) values (5, 'Flu Relief Therapy Night Time', 'Spondylolisthesis');
insert into Category (id, name, description) values (6, 'Childrens Mucus Relief Cough Cherry', 'Toxoplasm meningoenceph');
insert into Category (id, name, description) values (7, 'SATINIQUE ANTI-DANDRUFF for dry, irritated scalp', 'Neonatal neutropenia');
insert into Category (id, name, description) values (8, 'Allerstat', 'Lt-for-dates 1750-1999g');
insert into Category (id, name, description) values (9, 'Haloperidol', 'Recp-expres language dis');
insert into Category (id, name, description) values (10, 'Lorazepam', 'Termination of pregnancy');
insert into Category (id, name, description) values (11, 'Mirtazapine', 'Obstacle course');
insert into Category (id, name, description) values (12, 'Coconut', 'Loss control mv-mocycl');
insert into Category (id, name, description) values (13, 'Instant Hand Sanitizer - Original', 'Heart compl in del-unsp');
insert into Category (id, name, description) values (14, 'Phenytoin Sodium', 'Amp below elb, unil-comp');
insert into Category (id, name, description) values (15, 'Griseofulvin', 'Trifascicular block');
insert into Category (id, name, description) values (16, 'Dove', 'Arthrop w hypersen react');
insert into Category (id, name, description) values (17, 'Methyldopa', 'Mal neo male genital NOS');
insert into Category (id, name, description) values (18, 'Vitamin D', 'Hypertrophy of labia');
insert into Category (id, name, description) values (19, 'Daytime', 'Machinery acc-docker');
insert into Category (id, name, description) values (20, 'gloTriple Action Serum', 'Heart laceration-open');
insert into Category (id, name, description) values (21, 'ENBREL', 'Excessive spacing-teeth');
insert into Category (id, name, description) values (22, 'Ferrum sidereum Pancreas 10/4', 'Nasal polyp NOS');
insert into Category (id, name, description) values (23, 'Ropinirole Hydrochloride', 'Poisoning-halothane');
insert into Category (id, name, description) values (24, 'Haloperidol Decanoate', 'Eosinophilc gastrt w hem');
insert into Category (id, name, description) values (25, 'Severe Back Pain', 'Actinic keratosis');
insert into Category (id, name, description) values (26, 'CULTIVATED OATS POLLEN', 'Adverse eff insulin NOS');
insert into Category (id, name, description) values (27, 'Donepezil Hydrochloride', 'Tx ef cl-hydcarb slv NEC');
insert into Category (id, name, description) values (28, 'Glytone acne 3P', 'Neutropenia NOS');
insert into Category (id, name, description) values (29, 'XOLIDO', 'Examination NOS');
insert into Category (id, name, description) values (30, 'Irbesartan', 'DMII circ nt st uncntrld');
insert into Category (id, name, description) values (31, 'Exjade', 'Viral hepat NOS w coma');
insert into Category (id, name, description) values (32, 'Pleo Nig Ex', 'Cavus deformity of foot');
insert into Category (id, name, description) values (33, 'Humalog', 'Prim TB complex-unspec');
insert into Category (id, name, description) values (34, 'Clonazepam', 'Lactation fail-delivered');
insert into Category (id, name, description) values (35, 'PLUM', 'Await organ transplnt st');
insert into Category (id, name, description) values (36, 'SYCAMORE POLLEN', 'Chr duod ulc hem/perf-ob');
insert into Category (id, name, description) values (37, 'Good Neighbor Pharmacy Arthritis', 'Ulcertve prctosigmoidtis');
insert into Category (id, name, description) values (38, 'Necon', 'Dracontiasis');
insert into Category (id, name, description) values (39, 'Gabapentin', 'Pois-antifungal antibiot');
insert into Category (id, name, description) values (40, 'Delestrogen', 'Dermatophyt scalp/beard');
insert into Category (id, name, description) values (41, 'good sense cold and allergy', 'Embl suprfcl ves low ext');
insert into Category (id, name, description) values (42, 'Sure for Men Invisible Solid Antiperspirant', 'Dev dislocat joint-hand');
insert into Category (id, name, description) values (43, 'Venlafaxine Hydrochloride', 'Opn subdur hem-concuss');
insert into Category (id, name, description) values (44, 'up and up antibiotic', 'TB ovary & tube-oth test');
insert into Category (id, name, description) values (45, 'Ibuprofen', 'Osseo fail dental implnt');
insert into Category (id, name, description) values (46, 'QUEEN PALM POLLEN', 'Malig melanoma lip');
insert into Category (id, name, description) values (47, 'kirkland signature aller tec', 'Typhoid carrier');
insert into Category (id, name, description) values (48, 'Athletes Foot', 'Vocal cord disease NEC');
insert into Category (id, name, description) values (49, 'Naproxen Sodium', 'Neurofibromatosis NEC');
insert into Category (id, name, description) values (50, 'Medulla Arnica', 'RR acc w derail-passeng');
insert into Category (id, name, description) values (51, 'Strattera', 'Residual hemorrhoid tags');
insert into Category (id, name, description) values (52, 'Citalopram Hydrobromide', 'Dislocat vertebra NEC-cl');
insert into Category (id, name, description) values (53, 'HAWAIIAN Tropic', 'Foreign body hip/leg');
insert into Category (id, name, description) values (54, 'Tuna Fish', 'TB esophagus-micro dx');
insert into Category (id, name, description) values (55, 'LypSyl Honeyberry', 'Adv eff ent anti-inf/drg');
insert into Category (id, name, description) values (56, 'Simvastatin', 'Renal glycosuria');
insert into Category (id, name, description) values (57, 'Barley Grain', 'Chr peptic ulcer w perf');
insert into Category (id, name, description) values (58, 'Xyntha', 'Oth curr cond-antepartum');
insert into Category (id, name, description) values (59, 'Vamousse Lice Prevention', 'Fx mandible body NEC-cl');
insert into Category (id, name, description) values (60, 'Trazodone Hydrochloride', 'Hepatitis A with coma');
insert into Category (id, name, description) values (61, 'Neutrogena Ultra Sheer Dry Touch', 'Abnorm vagina-postpartum');
insert into Category (id, name, description) values (62, 'Sulwhasoo Lumitouch Foundation', 'Cong hip sublux, unilat');
insert into Category (id, name, description) values (63, 'Bacitracin Zinc', 'Sprain shoulder/arm NOS');
insert into Category (id, name, description) values (64, 'Ondansetron Hydrochloride', 'Prolonged 1st stage-unsp');
insert into Category (id, name, description) values (65, 'Metformin Hydrochloride', 'Encopresis');
insert into Category (id, name, description) values (66, 'hydrocortisone', 'Pneumonia in anthrax');
insert into Category (id, name, description) values (67, 'PROCHLORPERAZINE MALEATE', 'Otosclerosis NOS');
insert into Category (id, name, description) values (68, 'Ammonia Inhalants', 'Broke prosthtc jt implnt');
insert into Category (id, name, description) values (69, 'Prenatal Mega Antioxidant', 'Fx low radius w ulna-cl');
insert into Category (id, name, description) values (70, 'Nighttime Daytime Cough', 'Malig carcinoid jejunum');
insert into Category (id, name, description) values (71, 'Niron Komplete', 'Opn skl fx NEC-deep coma');
insert into Category (id, name, description) values (72, 'Ibuprofen', 'Peritoneal dialysis test');
insert into Category (id, name, description) values (73, 'Childrens Allergy', 'Hyperpigmentation lid');
insert into Category (id, name, description) values (74, 'tramadol hydrochloride', 'Poxvirus infection NOS');
insert into Category (id, name, description) values (75, 'Health Care Personnel Handwash', 'Ac duoden ulc w hem/perf');
insert into Category (id, name, description) values (76, 'Medium Tan Foundation SPF 15', 'Opioid dependence-episod');
insert into Category (id, name, description) values (77, 'Barriere', 'Cent perf tympanic memb');
insert into Category (id, name, description) values (78, 'Paroxetine', 'Tk off/land-crew aircrft');
insert into Category (id, name, description) values (79, 'Corn Grain', 'Dental caries - arrested');
insert into Category (id, name, description) values (80, '7 Select Childrens Ibuprofen', 'Disorders of thyroid NEC');
insert into Category (id, name, description) values (81, 'CLOMIPRAMINE HYDROCHLORIDE', 'Fetal hematologic-unspec');
insert into Category (id, name, description) values (82, 'Loratadine and Pseudoephedrine Sulfate', 'Benign neo skin arm');
insert into Category (id, name, description) values (83, 'Campral', 'Amputation foot, unilat');
insert into Category (id, name, description) values (84, 'SMART SENSE', 'War inj:con warfare NEC');
insert into Category (id, name, description) values (85, 'Acyclovir', 'AMI inferior wall,subseq');
insert into Category (id, name, description) values (86, 'good neighbor pharmacy sinus', 'Disl tarsometatarsal-opn');
insert into Category (id, name, description) values (87, 'Escitalopram Oxalate', 'Panhypopituitarism');
insert into Category (id, name, description) values (88, 'Amitriptyline Hydrochloride', 'Blood asp w resp sympt');
insert into Category (id, name, description) values (89, 'Roccos Old School', 'Liveborn NOS-nonhosp');
insert into Category (id, name, description) values (90, 'Leader Childrens Allergy', 'Mal mastocytosis pelvic');
insert into Category (id, name, description) values (91, 'LISINOPRIL AND HYDROCHLOROTHIAZIDE', 'Dysmetabolic syndrome x');
insert into Category (id, name, description) values (92, 'mapap', 'Heart contusion-open');
insert into Category (id, name, description) values (93, 'Neo DM DROPS', 'Adv eff blood agent NOS');
insert into Category (id, name, description) values (94, 'Lactated Ringers and Dextrose', 'Adv eff tetracycline');
insert into Category (id, name, description) values (95, 'FocalinXR', 'Burn acc in bldg NEC');
insert into Category (id, name, description) values (96, 'Wellness Products VictoRx', 'Juv osteochondrosis foot');
insert into Category (id, name, description) values (97, 'Fiber Lax', 'Adv eff arom analgsc NEC');
insert into Category (id, name, description) values (98, 'Pollens - Grasses, Brome, Smooth Bromus inermis', 'Fum/vapor bronc/pneumon');
insert into Category (id, name, description) values (99, 'Forest Sap Patch', 'Inj int mammary art/vein');
insert into Category (id, name, description) values (100, 'Oxycodone Hydrochloride', 'Toxic eff gas/vapor NOS');

create table Category_Medicine (
	idCategory INT,
	idMedicine INT,

	CONSTRAINT PK_CM PRIMARY KEY (idCategory,idMedicine),
	CONSTRAINT FK_1 FOREIGN KEY (idCategory) REFERENCES Category(id),
	CONSTRAINT FK_2 FOREIGN KEY (idMedicine) REFERENCES Medicine(id)


);
insert into Category_Medicine (idCategory, idMedicine) values (1, 1);
insert into Category_Medicine (idCategory, idMedicine) values (2, 2);
insert into Category_Medicine (idCategory, idMedicine) values (3, 3);
insert into Category_Medicine (idCategory, idMedicine) values (4, 4);
insert into Category_Medicine (idCategory, idMedicine) values (5, 5);
insert into Category_Medicine (idCategory, idMedicine) values (6, 6);
insert into Category_Medicine (idCategory, idMedicine) values (7, 7);
insert into Category_Medicine (idCategory, idMedicine) values (8, 8);
insert into Category_Medicine (idCategory, idMedicine) values (9, 9);
insert into Category_Medicine (idCategory, idMedicine) values (10, 10);
insert into Category_Medicine (idCategory, idMedicine) values (11, 11);
insert into Category_Medicine (idCategory, idMedicine) values (12, 12);
insert into Category_Medicine (idCategory, idMedicine) values (13, 13);
insert into Category_Medicine (idCategory, idMedicine) values (14, 14);
insert into Category_Medicine (idCategory, idMedicine) values (15, 15);
insert into Category_Medicine (idCategory, idMedicine) values (16, 16);
insert into Category_Medicine (idCategory, idMedicine) values (17, 17);
insert into Category_Medicine (idCategory, idMedicine) values (18, 18);
insert into Category_Medicine (idCategory, idMedicine) values (19, 19);
insert into Category_Medicine (idCategory, idMedicine) values (20, 20);
insert into Category_Medicine (idCategory, idMedicine) values (21, 21);
insert into Category_Medicine (idCategory, idMedicine) values (22, 22);
insert into Category_Medicine (idCategory, idMedicine) values (23, 23);
insert into Category_Medicine (idCategory, idMedicine) values (24, 24);
insert into Category_Medicine (idCategory, idMedicine) values (25, 25);
insert into Category_Medicine (idCategory, idMedicine) values (26, 26);
insert into Category_Medicine (idCategory, idMedicine) values (27, 27);
insert into Category_Medicine (idCategory, idMedicine) values (28, 28);
insert into Category_Medicine (idCategory, idMedicine) values (29, 29);
insert into Category_Medicine (idCategory, idMedicine) values (30, 30);
insert into Category_Medicine (idCategory, idMedicine) values (31, 31);
insert into Category_Medicine (idCategory, idMedicine) values (32, 32);
insert into Category_Medicine (idCategory, idMedicine) values (33, 33);
insert into Category_Medicine (idCategory, idMedicine) values (34, 34);
insert into Category_Medicine (idCategory, idMedicine) values (35, 35);
insert into Category_Medicine (idCategory, idMedicine) values (36, 36);
insert into Category_Medicine (idCategory, idMedicine) values (37, 37);
insert into Category_Medicine (idCategory, idMedicine) values (38, 38);
insert into Category_Medicine (idCategory, idMedicine) values (39, 39);
insert into Category_Medicine (idCategory, idMedicine) values (40, 40);
insert into Category_Medicine (idCategory, idMedicine) values (41, 41);
insert into Category_Medicine (idCategory, idMedicine) values (42, 42);
insert into Category_Medicine (idCategory, idMedicine) values (43, 43);
insert into Category_Medicine (idCategory, idMedicine) values (44, 44);
insert into Category_Medicine (idCategory, idMedicine) values (45, 45);
insert into Category_Medicine (idCategory, idMedicine) values (46, 46);
insert into Category_Medicine (idCategory, idMedicine) values (47, 47);
insert into Category_Medicine (idCategory, idMedicine) values (48, 48);
insert into Category_Medicine (idCategory, idMedicine) values (49, 49);
insert into Category_Medicine (idCategory, idMedicine) values (50, 50);
insert into Category_Medicine (idCategory, idMedicine) values (51, 51);
insert into Category_Medicine (idCategory, idMedicine) values (52, 52);
insert into Category_Medicine (idCategory, idMedicine) values (53, 53);
insert into Category_Medicine (idCategory, idMedicine) values (54, 54);
insert into Category_Medicine (idCategory, idMedicine) values (55, 55);
insert into Category_Medicine (idCategory, idMedicine) values (56, 56);
insert into Category_Medicine (idCategory, idMedicine) values (57, 57);
insert into Category_Medicine (idCategory, idMedicine) values (58, 58);
insert into Category_Medicine (idCategory, idMedicine) values (59, 59);
insert into Category_Medicine (idCategory, idMedicine) values (60, 60);
insert into Category_Medicine (idCategory, idMedicine) values (61, 61);
insert into Category_Medicine (idCategory, idMedicine) values (62, 62);
insert into Category_Medicine (idCategory, idMedicine) values (63, 63);
insert into Category_Medicine (idCategory, idMedicine) values (64, 64);
insert into Category_Medicine (idCategory, idMedicine) values (65, 65);
insert into Category_Medicine (idCategory, idMedicine) values (66, 66);
insert into Category_Medicine (idCategory, idMedicine) values (67, 67);
insert into Category_Medicine (idCategory, idMedicine) values (68, 68);
insert into Category_Medicine (idCategory, idMedicine) values (69, 69);
insert into Category_Medicine (idCategory, idMedicine) values (70, 70);
insert into Category_Medicine (idCategory, idMedicine) values (71, 71);
insert into Category_Medicine (idCategory, idMedicine) values (72, 72);
insert into Category_Medicine (idCategory, idMedicine) values (73, 73);
insert into Category_Medicine (idCategory, idMedicine) values (74, 74);
insert into Category_Medicine (idCategory, idMedicine) values (75, 75);
insert into Category_Medicine (idCategory, idMedicine) values (76, 76);
insert into Category_Medicine (idCategory, idMedicine) values (77, 77);
insert into Category_Medicine (idCategory, idMedicine) values (78, 78);
insert into Category_Medicine (idCategory, idMedicine) values (79, 79);
insert into Category_Medicine (idCategory, idMedicine) values (80, 80);
insert into Category_Medicine (idCategory, idMedicine) values (81, 81);
insert into Category_Medicine (idCategory, idMedicine) values (82, 82);
insert into Category_Medicine (idCategory, idMedicine) values (83, 83);
insert into Category_Medicine (idCategory, idMedicine) values (84, 84);
insert into Category_Medicine (idCategory, idMedicine) values (85, 85);
insert into Category_Medicine (idCategory, idMedicine) values (86, 86);
insert into Category_Medicine (idCategory, idMedicine) values (87, 87);
insert into Category_Medicine (idCategory, idMedicine) values (88, 88);
insert into Category_Medicine (idCategory, idMedicine) values (89, 89);
insert into Category_Medicine (idCategory, idMedicine) values (90, 90);
insert into Category_Medicine (idCategory, idMedicine) values (91, 91);
insert into Category_Medicine (idCategory, idMedicine) values (92, 92);
insert into Category_Medicine (idCategory, idMedicine) values (93, 93);
insert into Category_Medicine (idCategory, idMedicine) values (94, 94);
insert into Category_Medicine (idCategory, idMedicine) values (95, 95);
insert into Category_Medicine (idCategory, idMedicine) values (96, 96);
insert into Category_Medicine (idCategory, idMedicine) values (97, 97);
insert into Category_Medicine (idCategory, idMedicine) values (98, 98);
insert into Category_Medicine (idCategory, idMedicine) values (99, 99);
insert into Category_Medicine (idCategory, idMedicine) values (100, 100);

CREATE TABLE Users(
	user VARCHAR(50) NOT NULL,
	pass VARCHAR(50) NOT NULL,
	admin tinyint(1) NOT NULL,
	name VARCHAR(50) NOT NULL,
	surname VARCHAR(100) NOT NULL,
	fecha DATE NOT NULL,
	genero VARCHAR(50),

	CONSTRAINT pk_user PRIMARY KEY (user)
);

INSERT INTO Users VALUES ('inma',MD5('inma'), 1, 'inma', 'Olias','1965-12-30','Female');
INSERT INTO Users VALUES ('javi',MD5('javi'), 1, 'javier', 'villarreal','2003-4-28','Male');


